email, senha
0.7166477340804607@mail.com,user123  
0.39217700665990163@mail.com,user123 
0.9372470873986495@mail.com,user123  
0.4388431770527818@mail.com,user123  
0.057821846477657424@mail.com,user123
0.23301185723499274@mail.com,user123 
0.36890189843528004@mail.com,user123 
0.001100464901199037@mail.com,user123
0.3035436160935292@mail.com,user123  
0.555114064730667@mail.com,user123   
0.5150048054526108@mail.com,user123  
0.5338191398975592@mail.com,user123 